Player;Role;Team;Opponent Team;Opponent Player;Date;Round;Day;Patch;Stage;No Game;all Games;Format;Game of day;Side;Time;Ban;Ban Opponent;Pick;Pick Opponent;Champion;Champion Opponent;Outcome;Kills Team;Turrets Team;Dragon Team;Baron Team;Level;Kills;Deaths;Assists;KDA;CS;CS in Team's Jungle;CS in Enemy Jungle;CSM;Golds;GPM;GOLD%;Vision Score;Wards placed;Wards destroyed;Control Wards Purchased;Detector Wards Placed;VSPM;WPM;VWPM;WCPM;VS%;Total damage to Champion;Physical Damage;Magic Damage;True Damage;DPM;DMG%;K+A Per Minute;KP%;GD@15;Total damage taken
Breathe;TOP;WBG;LNG;Zika;31.08.2024;1;1;v14.15;Regional_Finals_2024;1;3;5;1;Blue;00:27:53;Ivern;Lucian;Corki;Renekton;KSante;Renekton;Loss;7;1;1;0;15;0;3;3;1;232;0;0;8.3;9109;327;0.194;23.33;7;5;2;0;0.84;0.25;0.07;0.18;0.11;12989.08;9570.55;2382.55;1035.98;466;0.225;0.11;0.429;-717;24869.7
Tarzan;JUNGLE;WBG;LNG;WeiWei;31.08.2024;1;1;v14.15;Regional_Finals_2024;1;3;5;1;Blue;00:27:53;Ziggs;Rumble;KSante;Ashe;Zyra;Brand;Loss;7;1;1;0;13;3;6;1;0.7;190;174;0;6.8;9665;347;0.205;45.28;14;7;9;0;1.62;0.5;0.32;0.25;0.214;14776.48;521.27;13019.8;1235.41;530;0.256;0.14;0.571;664;16228.6
xiaohu;MID;WBG;LNG;Scout;31.08.2024;1;1;v14.15;Regional_Finals_2024;1;3;5;1;Blue;00:27:53;Yone;Miss_Fortune;Ezreal;Smolder;Corki;Smolder;Loss;7;1;1;0;14;2;5;3;1;258;9;0;9.3;11371;408;0.242;27.79;12;5;3;0;1;0.43;0.11;0.18;0.132;15283.87;11137.1;3022.51;1124.26;548;0.265;0.18;0.714;-1106;16662
Light;ADCARRY;WBG;LNG;GALA;31.08.2024;1;1;v14.15;Regional_Finals_2024;1;3;5;1;Blue;00:27:53;Braum;Leona;Zyra;Rell;Ezreal;Ashe;Loss;7;1;1;0;14;1;2;1;1;261;0;0;9.4;10820;388;0.23;18.09;8;4;0;0;0.65;0.29;0;0.14;0.086;10573.57;5812.11;4761.46;0;379;0.183;0.07;0.286;-666;11483.6
Crisp;SUPPORT;WBG;LNG;Hang;31.08.2024;1;1;v14.15;Regional_Finals_2024;1;3;5;1;Blue;00:27:53;Maokai;Alistar;Poppy;Brand;Poppy;Rell;Loss;7;1;1;0;10;1;3;3;1.3;31;0;0;1.1;6080;218;0.129;96.71;53;11;20;0;3.47;1.9;0.72;0.39;0.458;4123.55;2594.32;813.23;716;148;0.071;0.14;0.571;-77;13838
Zika;TOP;LNG;WBG;Breathe;31.08.2024;1;1;v14.15;Regional_Finals_2024;1;3;5;1;Red;00:27:53;Lucian;Ivern;Renekton;Corki;Renekton;KSante;Win;19;8;2;1;18;3;0;6;Perfect_KDA;308;14;0;11;13715;492;0.23;37.74;16;6;6;0;1.35;0.57;0.22;0.22;0.143;14750.05;12278.6;2225.45;246;529;0.227;0.32;0.474;717;28177.2
WeiWei;JUNGLE;LNG;WBG;Tarzan;31.08.2024;1;1;v14.15;Regional_Finals_2024;1;3;5;1;Red;00:27:53;Rumble;Ziggs;Ashe;KSante;Brand;Zyra;Win;19;8;2;1;15;3;3;9;4;184;171;0;6.6;10990;394;0.184;39.31;12;7;10;0;1.41;0.43;0.36;0.25;0.149;16140.18;741.52;15013.3;385.36;579;0.248;0.43;0.632;-664;23783.9
Scout;MID;LNG;WBG;xiaohu;31.08.2024;1;1;v14.15;Regional_Finals_2024;1;3;5;1;Red;00:27:53;Miss_Fortune;Yone;Smolder;Ezreal;Smolder;Corki;Win;19;8;2;1;16;11;3;4;5;267;12;0;9.6;14885;534;0.25;40.92;11;13;3;0;1.47;0.39;0.11;0.47;0.155;19304.87;14893.3;2397.24;2014.33;692;0.297;0.54;0.789;1106;16218.2
GALA;ADCARRY;LNG;WBG;Light;31.08.2024;1;1;v14.15;Regional_Finals_2024;1;3;5;1;Red;00:27:53;Leona;Braum;Rell;Zyra;Ashe;Ezreal;Win;19;8;2;1;16;2;1;9;11;290;0;0;10.4;12563;451;0.211;35.68;9;7;1;0;1.28;0.32;0.04;0.25;0.135;12337.84;9893.28;2376.56;68;442;0.19;0.39;0.579;666;9665.03
Hang;SUPPORT;LNG;WBG;Crisp;31.08.2024;1;1;v14.15;Regional_Finals_2024;1;3;5;1;Red;00:27:53;Alistar;Maokai;Brand;Poppy;Rell;Poppy;Win;19;8;2;1;11;0;0;12;Perfect_KDA;31;0;0;1.1;7417;266;0.125;110.77;56;14;15;0;3.97;2.01;0.54;0.5;0.419;2478.35;411.81;1544.54;522;89;0.038;0.43;0.632;77;11382.9
Breathe;TOP;WBG;LNG;Zika;31.08.2024;1;1;v14.15;Regional_Finals_2024;2;3;5;2;Blue;00:28:33;Ziggs;Lucian;Renekton;Corki;Renekton;Gnar;Loss;8;1;0;0;15;2;6;2;0.7;247;0;0;8.7;10898;382;0.238;25.47;8;6;5;0;0.89;0.28;0.18;0.21;0.114;11768.58;10228.8;1539.78;0;412;0.19;0.14;0.5;-727;33785.1
Tarzan;JUNGLE;WBG;LNG;WeiWei;31.08.2024;1;1;v14.15;Regional_Finals_2024;2;3;5;2;Blue;00:28:33;Ashe;Rumble;Miss_Fortune;Maokai;Sejuani;Maokai;Loss;8;1;0;0;12;1;4;5;1.5;140;124;0;4.9;8110;284;0.177;45.11;16;13;17;0;1.58;0.56;0.6;0.46;0.202;9122.49;5226.31;3328.18;568;320;0.147;0.21;0.75;727;33212.4
xiaohu;MID;WBG;LNG;Scout;31.08.2024;1;1;v14.15;Regional_Finals_2024;2;3;5;2;Blue;00:28:33;Ivern;Zeri;Smolder;Jhin;Smolder;Corki;Loss;8;1;0;0;13;1;4;6;1.8;213;8;0;7.5;9660;338;0.211;33.83;11;10;2;0;1.18;0.39;0.07;0.35;0.151;19888.39;14167.1;4010.15;1711.14;697;0.32;0.25;0.875;-621;20331.2
Light;ADCARRY;WBG;LNG;GALA;31.08.2024;1;1;v14.15;Regional_Finals_2024;2;3;5;2;Blue;00:28:33;Rell;Brand;Sejuani;Gnar;Miss_Fortune;Jhin;Loss;8;1;0;0;14;4;3;1;1.7;276;7;0;9.7;11166;391;0.244;25.76;7;14;1;0;0.9;0.25;0.04;0.49;0.115;17027;16545.3;481.7;0;596;0.274;0.18;0.625;877;12789
Crisp;SUPPORT;WBG;LNG;Hang;31.08.2024;1;1;v14.15;Regional_Finals_2024;2;3;5;2;Blue;00:28:33;KSante;Nidalee;Braum;Rakan;Braum;Rakan;Loss;8;1;0;0;10;0;6;4;0.7;27;0;0;0.9;5933;208;0.13;93.31;48;12;21;0;3.27;1.68;0.74;0.42;0.418;4264.8;561.77;3388.08;314.95;149;0.069;0.14;0.5;-135;24225.2
Zika;TOP;LNG;WBG;Breathe;31.08.2024;1;1;v14.15;Regional_Finals_2024;2;3;5;2;Red;00:28:33;Lucian;Ziggs;Corki;Renekton;Gnar;Renekton;Win;23;8;4;1;17;8;1;8;16;256;20;0;9;13347;467;0.23;36.05;11;9;4;0;1.26;0.39;0.14;0.32;0.128;29384.95;22708.7;6002.25;674;1029;0.288;0.56;0.696;727;21032.5
WeiWei;JUNGLE;LNG;WBG;Tarzan;31.08.2024;1;1;v14.15;Regional_Finals_2024;2;3;5;2;Red;00:28:33;Rumble;Ashe;Maokai;Miss_Fortune;Maokai;Sejuani;Win;23;8;4;1;14;0;2;13;6.5;152;141;0;5.3;9189;322;0.158;47.19;12;8;8;0;1.65;0.42;0.28;0.28;0.168;20000.44;631.01;17507.8;1861.63;701;0.196;0.46;0.565;-727;33022.9
Scout;MID;LNG;WBG;xiaohu;31.08.2024;1;1;v14.15;Regional_Finals_2024;2;3;5;2;Red;00:28:33;Zeri;Ivern;Jhin;Smolder;Corki;Smolder;Win;23;8;4;1;16;7;1;7;14;265;14;0;9.3;13639;478;0.235;32.36;12;6;4;0;1.13;0.42;0.14;0.21;0.115;31616.95;21593.9;6974.81;3048.24;1107;0.31;0.49;0.609;621;14466.3
GALA;ADCARRY;LNG;WBG;Light;31.08.2024;1;1;v14.15;Regional_Finals_2024;2;3;5;2;Red;00:28:33;Brand;Rell;Gnar;Sejuani;Jhin;Miss_Fortune;Win;23;8;4;1;16;8;1;5;13;273;4;0;9.6;14130;495;0.243;33.55;9;7;4;0;1.18;0.32;0.14;0.25;0.12;14528.19;11796.6;2287.59;444;509;0.142;0.46;0.565;-877;11366
Hang;SUPPORT;LNG;WBG;Crisp;31.08.2024;1;1;v14.15;Regional_Finals_2024;2;3;5;2;Red;00:28:33;Nidalee;KSante;Rakan;Braum;Rakan;Braum;Win;23;8;4;1;12;0;3;15;5;26;0;0;0.9;7744;271;0.133;131.47;83;12;15;0;4.6;2.91;0.53;0.42;0.468;6498.91;1452.08;3857.13;1189.7;228;0.064;0.53;0.652;135;17157.5
Breathe;TOP;WBG;LNG;Zika;31.08.2024;1;1;v14.15;Regional_Finals_2024;3;3;5;3;Blue;00:34:40;Ziggs;Lucian;Corki;Zeri;Kennen;KSante;Loss;13;5;2;1;17;2;6;5;1.2;273;12;0;7.9;12296;355;0.196;47.15;10;9;8;0;1.36;0.29;0.23;0.26;0.162;20567.7;3639.4;16856.9;71.4;593;0.217;0.2;0.538;-742;22475.4
Tarzan;JUNGLE;WBG;LNG;WeiWei;31.08.2024;1;1;v14.15;Regional_Finals_2024;3;3;5;3;Blue;00:34:40;Ashe;Rumble;Kennen;Ivern;Lillia;Ivern;Loss;13;5;2;1;16;2;1;5;7;249;211;0;7.2;11894;343;0.19;55.04;14;14;8;0;1.59;0.4;0.23;0.4;0.189;17096.98;1174.27;11325.8;4596.91;493;0.181;0.2;0.538;293;42509.2
xiaohu;MID;WBG;LNG;Scout;31.08.2024;1;1;v14.15;Regional_Finals_2024;3;3;5;3;Blue;00:34:40;Maokai;Renekton;Miss_Fortune;Jhin;Corki;Zeri;Loss;13;5;2;1;17;5;4;4;2.3;293;20;0;8.5;15842;457;0.253;42.9;13;16;3;0;1.24;0.38;0.09;0.46;0.147;26311.11;20040.9;3169.78;3100.43;759;0.278;0.26;0.692;99;23763.2
Light;ADCARRY;WBG;LNG;GALA;31.08.2024;1;1;v14.15;Regional_Finals_2024;3;3;5;3;Blue;00:34:40;Nasus;Braum;Lillia;KSante;Miss_Fortune;Jhin;Loss;13;5;2;1;17;4;4;5;2.3;347;22;0;10;15322;442;0.245;29.4;11;14;1;0;0.85;0.32;0.03;0.4;0.101;27112.79;26258.8;473.99;380;782;0.287;0.26;0.692;-505;14517.6
Crisp;SUPPORT;WBG;LNG;Hang;31.08.2024;1;1;v14.15;Regional_Finals_2024;3;3;5;3;Blue;00:34:40;Leona;Rell;Alistar;Rakan;Alistar;Rakan;Loss;13;5;2;1;10;0;8;2;0.3;29;0;0;0.8;7260;209;0.116;117.22;70;12;22;0;3.38;2.02;0.63;0.35;0.402;3508.79;381.58;2540.85;586.36;101;0.037;0.06;0.154;-146;29534.1
Zika;TOP;LNG;WBG;Breathe;31.08.2024;1;1;v14.15;Regional_Finals_2024;3;3;5;3;Red;00:34:40;Lucian;Ziggs;Zeri;Corki;KSante;Kennen;Win;23;8;2;0;18;7;2;7;7;258;1;0;7.4;13950;402;0.212;35.93;14;7;4;0;1.04;0.4;0.12;0.2;0.114;17435.91;13942.7;2464.65;1028.56;503;0.187;0.4;0.609;742;35599.4
WeiWei;JUNGLE;LNG;WBG;Tarzan;31.08.2024;1;1;v14.15;Regional_Finals_2024;3;3;5;3;Red;00:34:40;Rumble;Ashe;Ivern;Kennen;Ivern;Lillia;Win;23;8;2;0;15;1;2;17;9;177;165;0;5.1;11627;335;0.176;48.75;12;11;12;0;1.41;0.35;0.35;0.32;0.155;7108.29;1740.13;4009.6;1358.56;205;0.076;0.52;0.783;-293;9245.87
Scout;MID;LNG;WBG;xiaohu;31.08.2024;1;1;v14.15;Regional_Finals_2024;3;3;5;3;Red;00:34:40;Renekton;Maokai;Jhin;Miss_Fortune;Zeri;Corki;Win;23;8;2;0;16;6;3;12;6;272;27;0;7.8;15137;437;0.23;38.37;13;9;3;0;1.11;0.38;0.09;0.26;0.122;30665.06;21330.2;9132.39;202.47;885;0.329;0.52;0.783;-99;26080.4
GALA;ADCARRY;LNG;WBG;Light;31.08.2024;1;1;v14.15;Regional_Finals_2024;3;3;5;3;Red;00:34:40;Braum;Nasus;KSante;Lillia;Jhin;Miss_Fortune;Win;23;8;2;0;17;9;2;11;10;354;1;0;10.2;16895;487;0.256;19.29;11;4;1;0;0.56;0.32;0.03;0.12;0.061;31684.97;28983.4;2515.57;186;914;0.34;0.58;0.87;505;15334.6
Hang;SUPPORT;LNG;WBG;Crisp;31.08.2024;1;1;v14.15;Regional_Finals_2024;3;3;5;3;Red;00:34:40;Rell;Leona;Rakan;Alistar;Rakan;Alistar;Win;23;8;2;0;13;0;4;17;4.3;36;0;0;1;8345;241;0.127;172.08;102;19;22;0;4.96;2.94;0.63;0.55;0.547;6259.67;1492.85;4658.82;108;181;0.067;0.49;0.739;146;25424.9
shanji;TOP;NIP;JDG;Flandre;01.09.2024;1;2;v14.15;Regional_Finals_2024;1;5;5;1;Blue;00:34:14;Skarner;Rumble;Ashe;Leona;Nasus;Garen;Win;26;9;3;0;17;1;3;6;2.3;259;17;0;7.6;12240;358;0.177;30.85;16;4;5;0;0.9;0.47;0.15;0.12;0.088;17515.32;10132.1;7263.22;120;512;0.136;0.2;0.269;-197;33845.3
Leyan;JUNGLE;NIP;JDG;Kanavi;01.09.2024;1;2;v14.15;Regional_Finals_2024;1;5;5;1;Blue;00:34:14;Ezreal;Zyra;Brand;Corki;Brand;Maokai;Win;26;9;3;0;16;7;5;14;4.2;226;193;0;6.6;13789;403;0.199;56.03;13;14;9;0;1.64;0.38;0.26;0.41;0.161;31964.47;996.54;28939.8;2028.13;934;0.248;0.61;0.808;779;36356.6
RooKie;MID;NIP;JDG;Yagao;01.09.2024;1;2;v14.15;Regional_Finals_2024;1;5;5;1;Blue;00:34:14;Renekton;Ziggs;Rell;Jhin;Zeri;Corki;Win;26;9;3;0;18;13;1;10;23;366;25;0;10.7;19498;570;0.282;72.65;18;24;6;0;2.12;0.53;0.18;0.7;0.208;48052.58;33064.6;14264.7;723.28;1404;0.373;0.67;0.885;127;22894.8
Photic;ADCARRY;NIP;JDG;Ruler;01.09.2024;1;2;v14.15;Regional_Finals_2024;1;5;5;1;Blue;00:34:14;Lillia;Lucian;Zeri;Maokai;Ashe;Jhin;Win;26;9;3;0;17;4;3;16;6.7;320;14;0;9.3;14600;426;0.211;43.12;12;16;2;0;1.26;0.35;0.06;0.47;0.124;24690.09;22354.6;1825.49;510;721;0.192;0.58;0.769;-84;23891.4
Zhuo;SUPPORT;NIP;JDG;Missing;01.09.2024;1;2;v14.15;Regional_Finals_2024;1;5;5;1;Blue;00:34:14;Kennen;KSante;Nasus;Garen;Rell;Leona;Win;26;9;3;0;13;1;6;23;4;44;0;0;1.3;9048;264;0.131;146.33;74;24;22;0;4.27;2.16;0.64;0.7;0.419;6514.69;575.61;4525.32;1413.76;190;0.051;0.7;0.923;69;24086.6
Flandre;TOP;JDG;NIP;shanji;01.09.2024;1;2;v14.15;Regional_Finals_2024;1;5;5;1;Red;00:34:14;Rumble;Skarner;Leona;Ashe;Garen;Nasus;Loss;18;5;2;1;17;2;4;2;1;274;16;0;8;12866;376;0.199;35.68;11;7;6;0;1.04;0.32;0.18;0.2;0.115;11099.25;8789.58;0;2309.67;324;0.11;0.12;0.222;197;32768.3
Kanavi;JUNGLE;JDG;NIP;Leyan;01.09.2024;1;2;v14.15;Regional_Finals_2024;1;5;5;1;Red;00:34:14;Zyra;Ezreal;Corki;Brand;Maokai;Brand;Loss;18;5;2;1;15;1;6;14;2.5;190;164;0;5.6;11464;335;0.178;38.04;8;7;6;0;1.11;0.23;0.18;0.2;0.123;25870.87;700.76;22812.4;2357.71;756;0.257;0.44;0.833;-779;42129.5
Yagao;MID;JDG;NIP;RooKie;01.09.2024;1;2;v14.15;Regional_Finals_2024;1;5;5;1;Red;00:34:14;Ziggs;Renekton;Jhin;Rell;Corki;Zeri;Loss;18;5;2;1;18;8;5;5;2.6;337;24;0;9.8;16297;476;0.252;40.68;15;10;4;0;1.19;0.44;0.12;0.29;0.131;27704.05;18917.6;6506.97;2279.48;809;0.275;0.38;0.722;-127;25095.4
Ruler;ADCARRY;JDG;NIP;Photic;01.09.2024;1;2;v14.15;Regional_Finals_2024;1;5;5;1;Red;00:34:14;Lucian;Lillia;Maokai;Zeri;Jhin;Ashe;Loss;18;5;2;1;18;6;3;9;5;316;4;0;9.2;15833;463;0.245;30.45;12;9;5;0;0.89;0.35;0.15;0.26;0.098;28882.72;24925.6;3559.72;397.4;844;0.286;0.44;0.833;84;19570.7
Missing;SUPPORT;JDG;NIP;Zhuo;01.09.2024;1;2;v14.15;Regional_Finals_2024;1;5;5;1;Red;00:34:14;KSante;Kennen;Garen;Nasus;Leona;Rell;Loss;18;5;2;1;12;1;8;7;1;45;0;0;1.3;8100;237;0.125;165.67;106;21;21;0;4.84;3.1;0.61;0.61;0.534;7271.67;1406.53;4578.49;1286.65;212;0.072;0.23;0.444;-69;35289.6
Flandre;TOP;JDG;NIP;shanji;01.09.2024;1;2;v14.15;Regional_Finals_2024;2;5;5;2;Blue;00:29:25;Zyra;Ashe;Renekton;Miss_Fortune;Renekton;Udyr;Win;21;8;2;1;15;5;2;6;5.5;230;14;0;7.8;11689;397;0.195;36.6;11;7;6;0;1.24;0.37;0.2;0.24;0.118;15424.7;12445;2699.7;280;524;0.173;0.37;0.524;306;31489.1
Kanavi;JUNGLE;JDG;NIP;Leyan;01.09.2024;1;2;v14.15;Regional_Finals_2024;2;5;5;2;Blue;00:29:25;Ziggs;Rumble;Ezreal;Rell;Ivern;Lillia;Win;21;8;2;1;15;2;1;18;20;150;138;0;5.1;11135;379;0.185;49.81;10;12;8;0;1.69;0.34;0.27;0.41;0.161;7843.32;1498.19;4548.44;1796.69;267;0.088;0.68;0.952;-769;6821.74
Yagao;MID;JDG;NIP;RooKie;01.09.2024;1;2;v14.15;Regional_Finals_2024;2;5;5;2;Blue;00:29:25;Zeri;Skarner;Corki;Lucian;Corki;Lucian;Win;21;8;2;1;17;9;0;6;Perfect_KDA;289;27;0;9.8;14543;494;0.242;41.95;6;16;2;0;1.43;0.2;0.07;0.54;0.135;23467.41;16737;4454.55;2275.86;798;0.264;0.51;0.714;-627;15169
Ruler;ADCARRY;JDG;NIP;Photic;01.09.2024;1;2;v14.15;Regional_Finals_2024;2;5;5;2;Blue;00:29:25;KSante;Braum;Leona;Lillia;Ezreal;Miss_Fortune;Win;21;8;2;1;17;4;0;11;Perfect_KDA;318;18;0;10.8;14891;506;0.248;41.61;10;12;3;0;1.41;0.34;0.1;0.41;0.134;33523.2;22789;10010.2;724;1140;0.377;0.51;0.714;1396;8778.04
Missing;SUPPORT;JDG;NIP;Zhuo;01.09.2024;1;2;v14.15;Regional_Finals_2024;2;5;5;2;Blue;00:29:25;Nidalee;Alistar;Ivern;Udyr;Leona;Rell;Win;21;8;2;1;12;1;2;13;7;29;0;0;1;7780;264;0.13;139.65;97;11;16;0;4.75;3.3;0.54;0.37;0.451;8660.95;1538.02;5548.48;1574.45;294;0.097;0.48;0.667;418;20056.7
shanji;TOP;NIP;JDG;Flandre;01.09.2024;1;2;v14.15;Regional_Finals_2024;2;5;5;2;Red;00:29:25;Ashe;Zyra;Miss_Fortune;Renekton;Udyr;Renekton;Loss;5;2;1;0;13;0;6;2;0.3;172;0;0;5.8;8437;287;0.183;28.87;10;6;6;0;0.98;0.34;0.2;0.2;0.125;15892.9;3353;12201.9;338;540;0.265;0.07;0.4;-306;21769.1
Leyan;JUNGLE;NIP;JDG;Kanavi;01.09.2024;1;2;v14.15;Regional_Finals_2024;2;5;5;2;Red;00:29:25;Rumble;Ziggs;Rell;Ezreal;Lillia;Ivern;Loss;5;2;1;0;14;2;2;2;2;215;185;0;7.3;10134;344;0.219;40.42;9;9;5;0;1.37;0.31;0.17;0.31;0.175;10627.35;196.59;8679.8;1750.96;361;0.177;0.14;0.8;769;35619.6
RooKie;MID;NIP;JDG;Yagao;01.09.2024;1;2;v14.15;Regional_Finals_2024;2;5;5;2;Red;00:29:25;Skarner;Zeri;Lucian;Corki;Lucian;Corki;Loss;5;2;1;0;15;2;4;2;1;255;4;0;8.7;11269;383;0.244;30.22;15;6;6;0;1.03;0.51;0.2;0.2;0.131;15659.74;13523.5;1812.24;324;532;0.261;0.14;0.8;627;19229.3
Photic;ADCARRY;NIP;JDG;Ruler;01.09.2024;1;2;v14.15;Regional_Finals_2024;2;5;5;2;Red;00:29:25;Braum;KSante;Lillia;Leona;Miss_Fortune;Ezreal;Loss;5;2;1;0;13;1;4;3;1;231;7;0;7.9;10019;341;0.217;22.01;9;7;1;0;0.75;0.31;0.03;0.24;0.095;15305.67;14949.5;356.17;0;520;0.255;0.14;0.8;-1396;19812.5
Zhuo;SUPPORT;NIP;JDG;Missing;01.09.2024;1;2;v14.15;Regional_Finals_2024;2;5;5;2;Red;00:29:25;Alistar;Nidalee;Udyr;Ivern;Rell;Leona;Loss;5;2;1;0;8;0;5;4;0.8;40;0;0;1.4;6333;215;0.137;110.04;62;23;19;0;3.74;2.11;0.65;0.78;0.475;2567.8;344.85;1342.95;880;87;0.043;0.14;0.8;-418;17539.9
shanji;TOP;NIP;JDG;Flandre;01.09.2024;1;2;v14.15;Regional_Finals_2024;3;5;5;3;Blue;00:33:15;Skarner;Rumble;Leona;Miss_Fortune;KSante;Smolder;Loss;11;2;1;0;17;1;5;8;1.8;259;0;0;7.8;11375;342;0.197;31.32;7;10;4;0;0.94;0.21;0.12;0.3;0.105;10664.87;8642.46;1137.02;885.39;321;0.134;0.27;0.818;586;33102.7
Leyan;JUNGLE;NIP;JDG;Kanavi;01.09.2024;1;2;v14.15;Regional_Finals_2024;3;5;5;3;Blue;00:33:15;Ezreal;Zyra;Ziggs;Rell;Lillia;Maokai;Loss;11;2;1;0;15;1;4;4;1.3;221;201;0;6.6;10587;318;0.183;40.45;8;10;4;0;1.22;0.24;0.12;0.3;0.135;10187.49;387.55;8404.37;1395.57;306;0.128;0.15;0.455;81;39779.2
RooKie;MID;NIP;JDG;Yagao;01.09.2024;1;2;v14.15;Regional_Finals_2024;3;5;5;3;Blue;00:33:15;Renekton;Ashe;Corki;Smolder;Corki;Zeri;Loss;11;2;1;0;17;5;3;4;3;333;4;0;10;15458;465;0.268;47.69;14;14;8;0;1.43;0.42;0.24;0.42;0.16;28533.08;20650.1;5407.72;2475.26;858;0.358;0.27;0.818;697;22610.5
Photic;ADCARRY;NIP;JDG;Ruler;01.09.2024;1;2;v14.15;Regional_Finals_2024;3;5;5;3;Blue;00:33:15;Kennen;Brand;KSante;Maokai;Ziggs;Miss_Fortune;Loss;11;2;1;0;16;3;2;6;4.5;300;6;0;9;13276;399;0.23;21.07;10;8;0;0;0.63;0.3;0;0.24;0.071;26949.09;712.79;25936.3;300;810;0.338;0.27;0.818;-1410;12655.5
Zhuo;SUPPORT;NIP;JDG;Missing;01.09.2024;1;2;v14.15;Regional_Finals_2024;3;5;5;3;Blue;00:33:15;Mordekaiser;Nasus;Lillia;Zeri;Leona;Rell;Loss;11;2;1;0;10;1;5;4;1;28;0;0;0.8;7052;212;0.122;158.14;92;14;19;0;4.76;2.77;0.57;0.42;0.529;3329.33;817.46;1853.87;658;100;0.042;0.15;0.455;-144;27052
Flandre;TOP;JDG;NIP;shanji;01.09.2024;1;2;v14.15;Regional_Finals_2024;3;5;5;3;Red;00:33:15;Rumble;Skarner;Miss_Fortune;Leona;Smolder;KSante;Win;19;9;4;1;18;5;1;8;13;309;28;0;9.3;14474;435;0.217;42.55;16;12;5;0;1.28;0.48;0.15;0.36;0.127;24708.19;17161.6;3952.37;3594.22;743;0.242;0.39;0.684;-586;14638
Kanavi;JUNGLE;JDG;NIP;Leyan;01.09.2024;1;2;v14.15;Regional_Finals_2024;3;5;5;3;Red;00:33:15;Zyra;Ezreal;Rell;Ziggs;Maokai;Lillia;Win;19;9;4;1;15;0;2;10;5;177;167;0;5.3;10014;301;0.15;34.82;7;6;8;0;1.05;0.21;0.24;0.18;0.104;13255.97;423.23;12409.7;423.04;399;0.13;0.3;0.526;-81;39248.6
Yagao;MID;JDG;NIP;RooKie;01.09.2024;1;2;v14.15;Regional_Finals_2024;3;5;5;3;Red;00:33:15;Ashe;Renekton;Smolder;Corki;Zeri;Corki;Win;19;9;4;1;18;2;3;10;4;318;21;0;9.6;15065;453;0.226;53.96;10;18;1;0;1.62;0.3;0.03;0.54;0.162;23948.55;14914.6;8476.43;557.52;720;0.234;0.36;0.632;-697;29694.4
Ruler;ADCARRY;JDG;NIP;Photic;01.09.2024;1;2;v14.15;Regional_Finals_2024;3;5;5;3;Red;00:33:15;Brand;Kennen;Maokai;KSante;Miss_Fortune;Ziggs;Win;19;9;4;1;18;12;1;7;19;359;16;0;10.8;18640;561;0.28;47.86;16;17;10;0;1.44;0.48;0.3;0.51;0.143;35189.97;32823.4;996.21;1370.36;1058;0.344;0.57;1;1410;12167.2
Missing;SUPPORT;JDG;NIP;Zhuo;01.09.2024;1;2;v14.15;Regional_Finals_2024;3;5;5;3;Red;00:33:15;Nasus;Mordekaiser;Zeri;Lillia;Rell;Leona;Win;19;9;4;1;12;0;4;12;3;41;0;0;1.2;8480;255;0.127;154.88;78;23;22;0;4.66;2.35;0.66;0.69;0.464;5176.18;835.77;3374.03;966.38;156;0.051;0.36;0.632;144;23378.4
shanji;TOP;NIP;JDG;Flandre;01.09.2024;1;2;v14.15;Regional_Finals_2024;4;5;5;4;Blue;00:28:07;Skarner;Rumble;Miss_Fortune;Jhin;Udyr;KSante;Win;13;11;3;1;16;0;2;4;2;234;4;0;8.3;10735;382;0.184;26.72;8;5;4;0;0.95;0.28;0.14;0.18;0.106;8581.2;2654.61;5770.59;156;305;0.12;0.14;0.308;629;15366.7
Leyan;JUNGLE;NIP;JDG;Kanavi;01.09.2024;1;2;v14.15;Regional_Finals_2024;4;5;5;4;Blue;00:28:07;Ezreal;Zeri;Brand;Leona;Brand;Ivern;Win;13;11;3;1;15;1;2;9;5;202;185;0;7.2;10809;384;0.185;44.16;14;10;6;0;1.57;0.5;0.21;0.36;0.176;20450.44;543.53;18880.7;1026.21;727;0.287;0.36;0.769;1488;24017.6
RooKie;MID;NIP;JDG;Yagao;01.09.2024;1;2;v14.15;Regional_Finals_2024;4;5;5;4;Blue;00:28:07;Renekton;Ashe;Rell;Ivern;Zeri;Corki;Win;13;11;3;1;16;3;1;7;10;283;18;0;10.1;14561;518;0.249;49.98;18;16;11;0;1.78;0.64;0.39;0.57;0.199;16763.68;12571.3;4192.38;0;596;0.235;0.36;0.769;2303;14962.3
Photic;ADCARRY;NIP;JDG;Ruler;01.09.2024;1;2;v14.15;Regional_Finals_2024;4;5;5;4;Blue;00:28:07;Mordekaiser;Lucian;Zeri;KSante;Miss_Fortune;Jhin;Win;13;11;3;1;16;8;2;2;5;294;24;0;10.5;14691;523;0.252;42.38;12;18;3;0;1.51;0.43;0.11;0.64;0.168;19799.58;18294.7;864.88;640;704;0.278;0.36;0.769;1986;8533.64
Zhuo;SUPPORT;NIP;JDG;Missing;01.09.2024;1;2;v14.15;Regional_Finals_2024;4;5;5;4;Blue;00:28:07;Smolder;Nasus;Udyr;Corki;Rell;Leona;Win;13;11;3;1;11;1;1;10;11;28;0;0;1;7598;270;0.13;88.28;52;10;16;0;3.14;1.85;0.57;0.36;0.351;5692.22;662.52;4323.7;706;202;0.08;0.39;0.846;-24;12122.6
Flandre;TOP;JDG;NIP;shanji;01.09.2024;1;2;v14.15;Regional_Finals_2024;4;5;5;4;Red;00:28:07;Rumble;Skarner;Jhin;Miss_Fortune;KSante;Udyr;Loss;8;2;1;0;15;2;3;1;1;218;0;0;7.8;9493;338;0.198;22.93;8;3;1;0;0.82;0.28;0.04;0.11;0.084;8319.77;6332.16;1448.98;538.63;296;0.198;0.11;0.375;-629;19907.1
Kanavi;JUNGLE;JDG;NIP;Leyan;01.09.2024;1;2;v14.15;Regional_Finals_2024;4;5;5;4;Red;00:28:07;Zeri;Ezreal;Leona;Brand;Ivern;Brand;Loss;8;2;1;0;13;0;3;6;2;135;118;0;4.8;8316;296;0.173;50.63;8;15;6;0;1.8;0.28;0.21;0.53;0.185;1892.93;357.91;1228.22;306.8;67;0.045;0.21;0.75;-1488;11487.1
Yagao;MID;JDG;NIP;RooKie;01.09.2024;1;2;v14.15;Regional_Finals_2024;4;5;5;4;Red;00:28:07;Ashe;Renekton;Ivern;Rell;Corki;Zeri;Loss;8;2;1;0;16;3;3;2;1.7;267;17;0;9.5;11965;426;0.25;28.87;6;10;0;0;1.03;0.21;0;0.36;0.105;17854.58;12775.1;3779.92;1299.56;635;0.425;0.18;0.625;-2303;19119.9
Ruler;ADCARRY;JDG;NIP;Photic;01.09.2024;1;2;v14.15;Regional_Finals_2024;4;5;5;4;Red;00:28:07;Lucian;Mordekaiser;KSante;Zeri;Jhin;Miss_Fortune;Loss;8;2;1;0;14;2;2;4;3;266;8;0;9.5;11235;400;0.234;19.98;9;5;5;0;0.71;0.32;0.18;0.18;0.073;9685.4;8089.94;1595.46;0;344;0.231;0.21;0.75;-1986;12798.3
Missing;SUPPORT;JDG;NIP;Zhuo;01.09.2024;1;2;v14.15;Regional_Finals_2024;4;5;5;4;Red;00:28:07;Nasus;Smolder;Corki;Udyr;Leona;Rell;Loss;8;2;1;0;11;1;2;3;2;51;0;0;1.8;6938;247;0.145;151.45;99;24;14;0;5.39;3.52;0.5;0.85;0.553;4242.89;430.03;3059.33;753.53;151;0.101;0.14;0.5;24;19859.1
Flandre;TOP;JDG;NIP;shanji;01.09.2024;1;2;v14.15;Regional_Finals_2024;5;5;5;5;Blue;00:31:24;Zyra;Rumble;Miss_Fortune;Nasus;Kennen;Nasus;Win;19;10;4;2;18;2;0;7;Perfect_KDA;305;17;0;9.7;14402;459;0.213;43.19;10;12;4;0;1.38;0.32;0.13;0.38;0.137;13776.66;2038.36;11488.1;250.2;439;0.186;0.29;0.474;182;17190.1
Kanavi;JUNGLE;JDG;NIP;Leyan;01.09.2024;1;2;v14.15;Regional_Finals_2024;5;5;5;5;Blue;00:31:24;Zeri;Ashe;Corki;Maokai;Skarner;Ivern;Win;19;10;4;2;16;4;3;10;4.7;195;180;0;6.2;13079;417;0.194;36.33;9;8;8;0;1.16;0.29;0.25;0.25;0.115;19036.05;12589.9;5255.8;1190.35;606;0.257;0.45;0.737;264;33521.1
Yagao;MID;JDG;NIP;RooKie;01.09.2024;1;2;v14.15;Regional_Finals_2024;5;5;5;5;Blue;00:31:24;Brand;Renekton;Skarner;Lucian;Corki;Lucian;Win;19;10;4;2;17;8;3;4;4;296;26;0;9.4;15371;490;0.228;34.17;13;7;2;0;1.09;0.41;0.06;0.22;0.108;18098.36;11957.5;4392.46;1748.4;576;0.244;0.38;0.632;474;18742.5
Ruler;ADCARRY;JDG;NIP;Photic;01.09.2024;1;2;v14.15;Regional_Finals_2024;5;5;5;5;Blue;00:31:24;Ziggs;Rell;Rakan;Varus;Miss_Fortune;Varus;Win;19;10;4;2;18;4;0;7;Perfect_KDA;342;24;0;10.9;15328;488;0.227;38.72;9;13;2;0;1.23;0.29;0.06;0.41;0.123;17029.8;16115.9;405.78;508.12;542;0.23;0.35;0.579;497;2774.06
Missing;SUPPORT;JDG;NIP;Zhuo;01.09.2024;1;2;v14.15;Regional_Finals_2024;5;5;5;5;Blue;00:31:24;Kalista;Smolder;Kennen;Ivern;Rakan;Maokai;Win;19;10;4;2;13;1;1;14;15;35;0;0;1.1;9310;296;0.138;163.44;106;16;18;0;5.21;3.38;0.57;0.51;0.517;6105.45;897.84;3741.86;1465.75;194;0.082;0.48;0.789;343;15407.5
shanji;TOP;NIP;JDG;Flandre;01.09.2024;1;2;v14.15;Regional_Finals_2024;5;5;5;5;Red;00:31:24;Rumble;Zyra;Nasus;Miss_Fortune;Nasus;Kennen;Loss;7;2;0;0;16;5;4;0;1.3;268;8;0;8.5;11966;381;0.233;27.64;12;5;6;0;0.88;0.38;0.19;0.16;0.106;19276.08;10628.1;8647.98;0;614;0.316;0.16;0.714;-182;24788.1
Leyan;JUNGLE;NIP;JDG;Kanavi;01.09.2024;1;2;v14.15;Regional_Finals_2024;5;5;5;5;Red;00:31:24;Ashe;Zeri;Maokai;Corki;Ivern;Skarner;Loss;7;2;0;0;14;0;3;7;2.3;156;143;0;5;9761;311;0.19;44.69;14;10;12;0;1.42;0.45;0.38;0.32;0.171;5760.04;1588.76;3801.28;370;183;0.094;0.22;1;-264;11262.1
RooKie;MID;NIP;JDG;Yagao;01.09.2024;1;2;v14.15;Regional_Finals_2024;5;5;5;5;Red;00:31:24;Renekton;Brand;Lucian;Skarner;Lucian;Corki;Loss;7;2;0;0;16;2;4;2;1;284;4;0;9;11736;374;0.229;38.8;17;13;7;0;1.24;0.54;0.22;0.41;0.148;18145.26;16292.2;1853.06;0;578;0.297;0.13;0.571;-474;19398.1
Photic;ADCARRY;NIP;JDG;Ruler;01.09.2024;1;2;v14.15;Regional_Finals_2024;5;5;5;5;Red;00:31:24;Rell;Ziggs;Varus;Rakan;Varus;Miss_Fortune;Loss;7;2;0;0;15;0;3;4;1.3;295;4;0;9.4;11207;357;0.219;30.37;10;16;2;0;0.97;0.32;0.06;0.51;0.116;11606.19;6525.96;5080.23;0;370;0.19;0.13;0.571;-497;13017.2
Zhuo;SUPPORT;NIP;JDG;Missing;01.09.2024;1;2;v14.15;Regional_Finals_2024;5;5;5;5;Red;00:31:24;Smolder;Kalista;Ivern;Kennen;Maokai;Rakan;Loss;7;2;0;0;10;0;5;6;1.2;36;0;0;1.1;6618;211;0.129;120.31;59;24;17;0;3.83;1.88;0.54;0.76;0.46;6273.39;510.93;5762.46;0;200;0.103;0.19;0.857;-343;17416.1
Flandre;TOP;JDG;WBG;Breathe;02.09.2024;2;3;v14.15;Regional_Finals_2024;1;5;5;1;Blue;00:37:41;Lucian;Rumble;Maokai;Ashe;Nasus;Kennen;Win;20;8;3;2;18;3;4;11;3.5;276;22;0;7.3;15165;402;0.204;41.58;15;4;8;0;1.1;0.4;0.21;0.11;0.129;20441.81;9220.01;11065.8;156;542;0.173;0.37;0.7;179;35136
Kanavi;JUNGLE;JDG;WBG;Tarzan;02.09.2024;2;3;v14.15;Regional_Finals_2024;1;5;5;1;Blue;00:37:41;Zeri;Skarner;Ezreal;Tristana;Maokai;Sejuani;Win;20;8;3;2;16;0;4;15;3.8;177;157;0;4.7;11401;303;0.154;43.02;13;7;11;0;1.14;0.34;0.29;0.19;0.133;15327.46;1137.56;13949.9;240;407;0.13;0.4;0.75;-152;42044.2
Yagao;MID;JDG;WBG;xiaohu;02.09.2024;2;3;v14.15;Regional_Finals_2024;1;5;5;1;Blue;00:37:41;Renekton;Corki;Smolder;Rell;Smolder;Tristana;Win;20;8;3;2;18;11;2;4;7.5;321;39;0;8.5;18811;499;0.253;49.4;16;10;4;0;1.31;0.42;0.11;0.27;0.153;35725.83;25099;6322.08;4304.75;948;0.303;0.4;0.75;-398;21030.9
Ruler;ADCARRY;JDG;WBG;Light;02.09.2024;2;3;v14.15;Regional_Finals_2024;1;5;5;1;Blue;00:37:41;Brand;Rakan;Nasus;Kennen;Ezreal;Ashe;Win;20;8;3;2;18;6;1;8;14;420;27;0;11.1;19553;519;0.263;43.7;16;15;5;0;1.16;0.42;0.13;0.4;0.135;42092.5;26897;14417.9;777.6;1117;0.356;0.37;0.7;-331;11844.9
Missing;SUPPORT;JDG;WBG;Crisp;02.09.2024;2;3;v14.15;Regional_Finals_2024;1;5;5;1;Blue;00:37:41;KSante;Alistar;Leona;Sejuani;Leona;Rell;Win;20;8;3;2;13;0;7;7;1;40;0;0;1.1;9330;248;0.126;145.76;82;21;25;0;3.87;2.18;0.66;0.56;0.451;4491.25;1084.5;3406.75;0;119;0.038;0.19;0.35;-154;24633
Breathe;TOP;WBG;JDG;Flandre;02.09.2024;2;3;v14.15;Regional_Finals_2024;1;5;5;1;Red;00:37:41;Rumble;Lucian;Ashe;Maokai;Kennen;Nasus;Loss;18;4;3;0;17;4;4;5;2.3;294;8;0;7.8;15278;405;0.223;47.18;14;6;9;0;1.25;0.37;0.24;0.16;0.133;29438.1;2633.8;26804.3;0;781;0.312;0.24;0.5;-179;27255.2
Tarzan;JUNGLE;WBG;JDG;Kanavi;02.09.2024;2;3;v14.15;Regional_Finals_2024;1;5;5;1;Red;00:37:41;Skarner;Zeri;Tristana;Ezreal;Sejuani;Maokai;Loss;18;4;3;0;15;0;3;15;5;172;154;0;4.6;10647;283;0.155;64.56;20;13;19;0;1.71;0.53;0.5;0.34;0.183;12069.1;6649.84;4127.61;1291.65;320;0.128;0.4;0.833;152;49706.3
xiaohu;MID;WBG;JDG;Yagao;02.09.2024;2;3;v14.15;Regional_Finals_2024;1;5;5;1;Red;00:37:41;Corki;Renekton;Rell;Smolder;Tristana;Smolder;Loss;18;4;3;0;18;5;4;5;2.5;369;45;0;9.8;17662;469;0.257;49.06;7;17;2;0;1.3;0.19;0.05;0.45;0.139;19110.87;16918.7;1993.18;198.99;507;0.202;0.27;0.556;398;29159
Light;ADCARRY;WBG;JDG;Ruler;02.09.2024;2;3;v14.15;Regional_Finals_2024;1;5;5;1;Red;00:37:41;Rakan;Brand;Kennen;Nasus;Ashe;Ezreal;Loss;18;4;3;0;18;8;3;2;3.3;416;39;0;11;17048;452;0.248;49.87;11;15;5;0;1.32;0.29;0.13;0.4;0.141;28275.54;25216.8;2686.74;372;750;0.299;0.27;0.556;331;23966.2
Crisp;SUPPORT;WBG;JDG;Missing;02.09.2024;2;3;v14.15;Regional_Finals_2024;1;5;5;1;Red;00:37:41;Alistar;KSante;Sejuani;Leona;Rell;Leona;Loss;18;4;3;0;12;1;6;8;1.5;35;0;0;0.9;8024;213;0.117;142.87;78;16;28;0;3.79;2.07;0.74;0.42;0.404;5554.65;881.53;3693.12;980;147;0.059;0.24;0.5;154;23818.6
Breathe;TOP;WBG;JDG;Flandre;02.09.2024;2;3;v14.15;Regional_Finals_2024;2;5;5;2;Blue;00:23:27;Skarner;Rumble;Ashe;Zeri;Kennen;Nasus;Win;15;10;2;1;15;3;1;5;8;213;4;0;9.1;10632;453;0.209;27.26;7;5;4;0;1.16;0.3;0.17;0.21;0.132;15202.09;1884.69;13193.2;124.2;648;0.246;0.34;0.533;-661;11169
Tarzan;JUNGLE;WBG;JDG;Kanavi;02.09.2024;2;3;v14.15;Regional_Finals_2024;2;5;5;2;Blue;00:23:27;Smolder;Lucian;Tristana;Maokai;Ivern;Maokai;Win;15;10;2;1;12;0;2;13;6.5;111;106;0;4.7;8741;373;0.171;34.39;12;5;8;0;1.47;0.51;0.34;0.21;0.166;4526.78;1179.6;2621.31;725.87;193;0.073;0.55;0.867;18;9579.37
xiaohu;MID;WBG;JDG;Yagao;02.09.2024;2;3;v14.15;Regional_Finals_2024;2;5;5;2;Blue;00:23:27;Corki;Renekton;Rell;Ezreal;Tristana;Zeri;Win;15;10;2;1;15;6;0;0;Perfect_KDA;240;16;0;10.2;11996;512;0.235;37.81;13;7;6;0;1.61;0.55;0.26;0.3;0.183;16426.22;14600.5;1507.72;318;700;0.266;0.26;0.4;1380;12435.6
Light;ADCARRY;WBG;JDG;Ruler;02.09.2024;2;3;v14.15;Regional_Finals_2024;2;5;5;2;Blue;00:23:27;Rakan;Brand;Ivern;Leona;Ashe;Ezreal;Win;15;10;2;1;14;5;1;6;11;233;16;0;9.9;11857;506;0.233;37.07;9;8;3;0;1.58;0.38;0.13;0.34;0.179;21879.76;19399.2;1440.56;1040;933;0.354;0.47;0.733;2592;11686.5
Crisp;SUPPORT;WBG;JDG;Missing;02.09.2024;2;3;v14.15;Regional_Finals_2024;2;5;5;2;Blue;00:23:27;Braum;KSante;Kennen;Nasus;Rell;Leona;Win;15;10;2;1;10;1;2;14;7.5;27;0;0;1.2;7743;330;0.152;70.21;32;12;14;0;2.99;1.36;0.6;0.51;0.34;3762.05;629.16;2576.89;556;160;0.061;0.64;1;533;12876.3
Flandre;TOP;JDG;WBG;Breathe;02.09.2024;2;3;v14.15;Regional_Finals_2024;2;5;5;2;Red;00:23:27;Rumble;Skarner;Zeri;Ashe;Nasus;Kennen;Loss;6;2;1;0;13;0;1;1;1;207;4;0;8.8;9081;387;0.235;20.56;7;2;2;0;0.88;0.3;0.09;0.09;0.116;7249.12;2045.4;5203.72;0;309;0.177;0.04;0.167;661;14284.2
Kanavi;JUNGLE;JDG;WBG;Tarzan;02.09.2024;2;3;v14.15;Regional_Finals_2024;2;5;5;2;Red;00:23:27;Lucian;Smolder;Maokai;Tristana;Maokai;Ivern;Loss;6;2;1;0;11;3;5;3;1.2;114;99;0;4.9;7276;310;0.188;19.27;6;2;5;0;0.82;0.26;0.21;0.09;0.109;10163.35;675.42;9298.01;189.92;433;0.248;0.26;1;-18;25830.8
Yagao;MID;JDG;WBG;xiaohu;02.09.2024;2;3;v14.15;Regional_Finals_2024;2;5;5;2;Red;00:23:27;Renekton;Corki;Ezreal;Rell;Zeri;Tristana;Loss;6;2;1;0;12;2;4;1;0.8;192;4;0;8.2;8561;365;0.221;23.41;5;7;0;0;1;0.21;0;0.3;0.132;10787.09;7457.69;3011.6;317.8;460;0.263;0.13;0.5;-1380;17268.4
Ruler;ADCARRY;JDG;WBG;Light;02.09.2024;2;3;v14.15;Regional_Finals_2024;2;5;5;2;Red;00:23:27;Brand;Rakan;Leona;Ivern;Ezreal;Ashe;Loss;6;2;1;0;12;0;2;2;1;197;5;0;8.4;7800;333;0.201;33.91;8;10;4;0;1.45;0.34;0.17;0.43;0.191;9516.43;7146.45;1537.98;832;406;0.232;0.09;0.333;-2592;9273.65
Missing;SUPPORT;JDG;WBG;Crisp;02.09.2024;2;3;v14.15;Regional_Finals_2024;2;5;5;2;Red;00:23:27;KSante;Braum;Nasus;Kennen;Leona;Rell;Loss;6;2;1;0;9;1;3;5;2;26;0;0;1.1;5996;256;0.155;79.97;44;13;12;0;3.41;1.88;0.51;0.55;0.452;3327.63;1300.54;2027.09;0;142;0.081;0.26;1;-533;14352.3
Flandre;TOP;JDG;WBG;Breathe;02.09.2024;2;3;v14.15;Regional_Finals_2024;3;5;5;3;Blue;00:37:27;Lucian;Rumble;Ashe;Rell;Gnar;Nasus;Loss;15;5;3;0;16;1;3;1;0.7;283;16;0;7.6;13435;359;0.201;33.94;10;6;5;0;0.91;0.27;0.13;0.16;0.093;15859.33;13700.3;1981.03;178;423;0.157;0.05;0.133;558;26806.8
Kanavi;JUNGLE;JDG;WBG;Tarzan;02.09.2024;2;3;v14.15;Regional_Finals_2024;3;5;5;3;Blue;00:37:27;Renekton;Skarner;Corki;Maokai;Zyra;Maokai;Loss;15;5;3;0;16;0;6;8;1.3;261;236;0;7;12179;325;0.182;92.9;35;16;7;0;2.48;0.93;0.19;0.43;0.254;23702.35;683.21;22463.5;555.64;633;0.234;0.21;0.533;728;20227.2
Yagao;MID;JDG;WBG;xiaohu;02.09.2024;2;3;v14.15;Regional_Finals_2024;3;5;5;3;Blue;00:37:27;Ivern;Smolder;Alistar;Zeri;Corki;Zeri;Loss;15;5;3;0;17;5;4;5;2.5;293;20;0;7.8;16209;433;0.242;38.08;16;9;3;0;1.02;0.43;0.08;0.24;0.104;30383.82;21067.8;6566.51;2749.51;811;0.3;0.27;0.667;1918;23616.8
Ruler;ADCARRY;JDG;WBG;Light;02.09.2024;2;3;v14.15;Regional_Finals_2024;3;5;5;3;Blue;00:37:27;Jhin;Kennen;Zyra;Miss_Fortune;Ashe;Miss_Fortune;Loss;15;5;3;0;18;9;2;3;6;362;9;0;9.7;16979;453;0.254;67.04;18;19;8;0;1.79;0.48;0.21;0.51;0.183;26542.68;24655.8;1766.88;120;709;0.262;0.32;0.8;98;20225.7
Missing;SUPPORT;JDG;WBG;Crisp;02.09.2024;2;3;v14.15;Regional_Finals_2024;3;5;5;3;Blue;00:37:27;KSante;Brand;Gnar;Nasus;Alistar;Rell;Loss;15;5;3;0;12;0;6;8;1.3;35;0;0;0.9;8095;216;0.121;133.5;85;13;23;0;3.56;2.27;0.61;0.35;0.365;4718.55;348.71;3425.84;944;126;0.047;0.21;0.533;-411;33915.8
Breathe;TOP;WBG;JDG;Flandre;02.09.2024;2;3;v14.15;Regional_Finals_2024;3;5;5;3;Red;00:37:27;Rumble;Lucian;Rell;Ashe;Nasus;Gnar;Win;21;8;3;2;18;4;2;6;5;251;9;0;6.7;14030;375;0.198;52.47;12;10;6;0;1.4;0.32;0.16;0.27;0.164;17662.56;8458.46;9084.1;120;472;0.17;0.27;0.476;-558;25888.1
Tarzan;JUNGLE;WBG;JDG;Kanavi;02.09.2024;2;3;v14.15;Regional_Finals_2024;3;5;5;3;Red;00:37:27;Skarner;Renekton;Maokai;Corki;Maokai;Zyra;Win;21;8;3;2;15;1;5;17;3.6;150;143;0;4;11230;300;0.159;48.12;17;8;15;0;1.28;0.45;0.4;0.21;0.15;21991.97;790.79;18287.5;2913.68;587;0.212;0.48;0.857;-728;45798.6
xiaohu;MID;WBG;JDG;Yagao;02.09.2024;2;3;v14.15;Regional_Finals_2024;3;5;5;3;Red;00:37:27;Smolder;Ivern;Zeri;Alistar;Zeri;Corki;Win;21;8;3;2;18;4;4;9;3.3;315;20;0;8.4;14963;400;0.212;46.88;9;17;4;0;1.25;0.24;0.11;0.45;0.147;26795.73;20830.2;5255.18;710.35;716;0.258;0.35;0.619;-1918;25586.4
Light;ADCARRY;WBG;JDG;Ruler;02.09.2024;2;3;v14.15;Regional_Finals_2024;3;5;5;3;Red;00:37:27;Kennen;Jhin;Miss_Fortune;Zyra;Miss_Fortune;Ashe;Win;21;8;3;2;18;9;1;9;18;363;27;0;9.7;20463;546;0.289;39.85;10;19;0;0;1.06;0.27;0;0.51;0.125;30631.22;29064.8;1476.42;90;818;0.295;0.48;0.857;-98;9981.25
Crisp;SUPPORT;WBG;JDG;Missing;02.09.2024;2;3;v14.15;Regional_Finals_2024;3;5;5;3;Red;00:37:27;Brand;KSante;Nasus;Gnar;Rell;Alistar;Win;21;8;3;2;13;3;3;15;6;39;0;0;1;10029;268;0.142;132.5;66;19;23;0;3.54;1.76;0.61;0.51;0.414;6880.43;1133.31;4839.12;908;184;0.066;0.48;0.857;411;27033.3
Flandre;TOP;JDG;WBG;Breathe;02.09.2024;2;3;v14.15;Regional_Finals_2024;4;5;5;4;Blue;00:32:15;Lucian;Rumble;Renekton;Maokai;Renekton;Gnar;Win;17;9;4;1;16;3;0;4;Perfect_KDA;275;12;0;8.5;12122;376;0.192;37.8;10;10;5;0;1.17;0.31;0.16;0.31;0.115;10831.1;9099.91;1339.99;391.2;336;0.141;0.22;0.412;-558;31583.1
Kanavi;JUNGLE;JDG;WBG;Tarzan;02.09.2024;2;3;v14.15;Regional_Finals_2024;4;5;5;4;Blue;00:32:15;Ashe;Skarner;Corki;Rell;Ivern;Maokai;Win;17;9;4;1;16;5;1;11;16;201;189;0;6.2;13279;412;0.21;47.99;10;11;10;0;1.49;0.31;0.31;0.34;0.146;9757.38;2284;4152.66;3320.72;303;0.127;0.5;0.941;1158;13789.4
Yagao;MID;JDG;WBG;xiaohu;02.09.2024;2;3;v14.15;Regional_Finals_2024;4;5;5;4;Blue;00:32:15;KSante;Smolder;Miss_Fortune;Zeri;Corki;Zeri;Win;17;9;4;1;17;3;2;6;4.5;284;28;0;8.8;13165;408;0.208;42.17;16;9;5;0;1.31;0.5;0.16;0.28;0.128;21998.11;15931.6;3981.75;2084.76;682;0.286;0.28;0.529;-254;16840.9
Ruler;ADCARRY;JDG;WBG;Light;02.09.2024;2;3;v14.15;Regional_Finals_2024;4;5;5;4;Blue;00:32:15;Jhin;Brand;Leona;Gnar;Miss_Fortune;Ziggs;Win;17;9;4;1;17;6;0;3;Perfect_KDA;333;4;0;10.3;16275;505;0.257;58.04;10;24;4;0;1.8;0.31;0.12;0.74;0.176;23402.38;21676.1;860.68;865.6;726;0.305;0.28;0.529;263;8334.32
Missing;SUPPORT;JDG;WBG;Crisp;02.09.2024;2;3;v14.15;Regional_Finals_2024;4;5;5;4;Blue;00:32:15;Kennen;Rakan;Ivern;Ziggs;Leona;Rell;Win;17;9;4;1;11;0;2;12;6;31;2;0;1;8444;262;0.133;143.51;96;12;17;0;4.45;2.98;0.53;0.37;0.436;10846.74;3365.42;5633.88;1847.44;336;0.141;0.37;0.706;-121;19971.8
Breathe;TOP;WBG;JDG;Flandre;02.09.2024;2;3;v14.15;Regional_Finals_2024;4;5;5;4;Red;00:32:15;Rumble;Lucian;Maokai;Renekton;Gnar;Renekton;Loss;5;2;1;1;17;2;3;0;0.7;299;4;0;9.3;13013;404;0.242;33.22;17;6;7;0;1.03;0.53;0.22;0.19;0.123;22071.86;17718.6;4173.26;180;684;0.3;0.06;0.4;558;26018.2
Tarzan;JUNGLE;WBG;JDG;Kanavi;02.09.2024;2;3;v14.15;Regional_Finals_2024;4;5;5;4;Red;00:32:15;Skarner;Ashe;Rell;Corki;Maokai;Ivern;Loss;5;2;1;1;13;0;5;2;0.4;138;130;0;4.3;8378;260;0.156;40.37;12;8;10;0;1.25;0.37;0.31;0.25;0.149;10820.66;519.02;9949.64;352;336;0.147;0.06;0.4;-1158;32215.4
xiaohu;MID;WBG;JDG;Yagao;02.09.2024;2;3;v14.15;Regional_Finals_2024;4;5;5;4;Red;00:32:15;Smolder;KSante;Zeri;Miss_Fortune;Zeri;Corki;Loss;5;2;1;1;17;3;3;1;1.3;307;17;0;9.5;13298;412;0.247;53.34;7;23;5;0;1.65;0.22;0.16;0.71;0.197;13130.23;7533.4;5154.83;442;407;0.178;0.12;0.8;254;21410
Light;ADCARRY;WBG;JDG;Ruler;02.09.2024;2;3;v14.15;Regional_Finals_2024;4;5;5;4;Red;00:32:15;Brand;Jhin;Gnar;Leona;Ziggs;Miss_Fortune;Loss;5;2;1;1;16;0;1;3;3;291;4;0;9;12045;373;0.224;27.82;10;13;4;0;0.86;0.31;0.12;0.4;0.103;24353.53;443.03;23910.5;0;755;0.331;0.09;0.6;-263;8557.62
Crisp;SUPPORT;WBG;JDG;Missing;02.09.2024;2;3;v14.15;Regional_Finals_2024;4;5;5;4;Red;00:32:15;Rakan;Kennen;Ziggs;Ivern;Rell;Leona;Loss;5;2;1;1;10;0;5;4;0.8;36;0;0;1.1;7048;219;0.131;116.17;67;22;22;0;3.6;2.08;0.68;0.68;0.429;3229.85;171.12;2463;595.73;100;0.044;0.12;0.8;121;17056.9
Breathe;TOP;WBG;JDG;Flandre;02.09.2024;2;3;v14.15;Regional_Finals_2024;5;5;5;5;Blue;00:26:45;Skarner;Lucian;Ashe;Renekton;KSante;Renekton;Win;14;9;4;1;15;2;0;9;Perfect_KDA;222;0;0;8.3;10412;389;0.201;41.69;15;7;8;0;1.56;0.56;0.3;0.26;0.18;11659.29;9039.47;1616.11;1003.71;436;0.184;0.41;0.786;-478;16269.4
Tarzan;JUNGLE;WBG;JDG;Kanavi;02.09.2024;2;3;v14.15;Regional_Finals_2024;5;5;5;5;Blue;00:26:45;Smolder;Rumble;Rell;Zeri;Maokai;Ivern;Win;14;9;4;1;13;2;0;8;Perfect_KDA;137;128;0;5.1;8651;323;0.167;29;10;2;5;0;1.08;0.37;0.19;0.07;0.125;10755.91;294.37;9569.94;891.6;402;0.17;0.37;0.714;125;23393.6
xiaohu;MID;WBG;JDG;Yagao;02.09.2024;2;3;v14.15;Regional_Finals_2024;5;5;5;5;Blue;00:26:45;Corki;Tristana;KSante;Miss_Fortune;Yone;Zeri;Win;14;9;4;1;16;2;0;7;Perfect_KDA;263;16;0;9.8;11229;420;0.217;31.11;13;7;4;0;1.16;0.49;0.15;0.26;0.134;15117.76;10208.4;2684.55;2224.81;565;0.239;0.34;0.643;-213;18148.5
Light;ADCARRY;WBG;JDG;Ruler;02.09.2024;2;3;v14.15;Regional_Finals_2024;5;5;5;5;Blue;00:26:45;Rakan;Brand;Yone;Alistar;Ashe;Miss_Fortune;Win;14;9;4;1;15;8;0;4;Perfect_KDA;259;12;0;9.7;14486;542;0.28;31.16;10;8;2;0;1.16;0.37;0.07;0.3;0.135;21966.29;19714.4;1177.45;1074.44;821;0.347;0.45;0.857;102;9397.75
Crisp;SUPPORT;WBG;JDG;Missing;02.09.2024;2;3;v14.15;Regional_Finals_2024;5;5;5;5;Blue;00:26:45;Leona;Azir;Maokai;Ivern;Rell;Alistar;Win;14;9;4;1;10;0;3;13;4.3;27;0;0;1;6988;261;0.135;98.52;45;14;17;0;3.68;1.68;0.64;0.52;0.426;3851.26;525.71;2761.55;564;144;0.061;0.49;0.929;-42;10600.3
Flandre;TOP;JDG;WBG;Breathe;02.09.2024;2;3;v14.15;Regional_Finals_2024;5;5;5;5;Red;00:26:45;Lucian;Skarner;Renekton;Ashe;Renekton;KSante;Loss;3;3;0;0;14;0;3;0;0;216;10;0;8.1;8990;336;0.203;21.12;9;4;5;0;0.79;0.34;0.19;0.15;0.102;6155.06;5113.08;1041.98;0;230;0.176;0;0;478;28138.9
Kanavi;JUNGLE;JDG;WBG;Tarzan;02.09.2024;2;3;v14.15;Regional_Finals_2024;5;5;5;5;Red;00:26:45;Rumble;Smolder;Zeri;Rell;Ivern;Maokai;Loss;3;3;0;0;12;0;2;1;0.5;153;138;0;5.7;7992;299;0.181;36.58;6;6;4;0;1.37;0.22;0.15;0.22;0.176;2209.2;532.38;1026.6;650.22;83;0.063;0.04;0.333;-125;6849.4
Yagao;MID;JDG;WBG;xiaohu;02.09.2024;2;3;v14.15;Regional_Finals_2024;5;5;5;5;Red;00:26:45;Tristana;Corki;Miss_Fortune;KSante;Zeri;Yone;Loss;3;3;0;0;14;1;2;0;0.5;259;12;0;9.7;10864;406;0.246;40.11;7;16;1;0;1.5;0.26;0.04;0.6;0.193;11634.22;7507.69;4126.53;0;435;0.332;0.04;0.333;213;14737.8
Ruler;ADCARRY;JDG;WBG;Light;02.09.2024;2;3;v14.15;Regional_Finals_2024;5;5;5;5;Red;00:26:45;Brand;Rakan;Alistar;Yone;Miss_Fortune;Ashe;Loss;3;3;0;0;12;2;3;1;1;238;4;0;8.9;10386;388;0.235;35.7;10;14;2;0;1.33;0.37;0.07;0.52;0.172;11514.68;10881.2;561.48;72;430;0.328;0.11;1;-102;7956.94
Missing;SUPPORT;JDG;WBG;Crisp;02.09.2024;2;3;v14.15;Regional_Finals_2024;5;5;5;5;Red;00:26:45;Azir;Leona;Ivern;Maokai;Alistar;Rell;Loss;3;3;0;0;8;0;4;3;0.8;18;0;0;0.7;5995;224;0.136;73.99;48;3;18;0;2.77;1.79;0.67;0.11;0.357;3539.73;204.51;2692.27;642.95;132;0.101;0.11;1;42;17439.3
